"","extGene","wt.group","tgfb.group","GENENAME","WT","tgfb","b","qval"
"1","AACS",7,2,"acetoacetyl-CoA synthetase",28.3142341250323,39.6408061107246,0.292196730308594,0.0266770292664326
"2","AAK1",7,6,"AP2 associated kinase 1",3.0284333345559,8.60589744550713,1.10419000886747,0.00454133036774435
"3","ABCA7",5,1,"ATP binding cassette subfamily A member 7",6.59010052499526,10.9862501313626,0.473894566212084,0.0088453048395804
"4","ADAM19",7,2,"ADAM metallopeptidase domain 19",3.54522141024536,38.7268487713575,2.4529124245032,2.33800404123357e-12
"5","ADAMTS1",7,6,"ADAM metallopeptidase with thrombospondin type 1 motif 1",0.25949847937105,3.62622712438928,2.56893941356445,8.85181621546821e-34
"6","ADAMTS7",7,6,"ADAM metallopeptidase with thrombospondin type 1 motif 7",3.22027865078305,5.48461440418149,0.486843622578569,0.00244631794391684
"7","AFAP1",7,6,"actin filament associated protein 1",11.9405250453186,21.9223750191216,0.619019916843098,0.0232502810985759
"8","AGO4",7,6,"argonaute RISC component 4",2.97953847193964,4.9699404580117,0.529546537606138,0.0785441112508924
"9","AHCYL2",7,6,"adenosylhomocysteinase like 2",4.42392485156872,7.7132993089248,0.552339679763907,0.0217604955951635
"10","AIDA",7,1,"axin interactor, dorsalization associated",118.940594858195,214.89218328261,0.548008292861193,1.69824138280396e-06
"11","AK5",7,1,"adenylate kinase 5",0.0474612666325642,0.385223734715882,2.14934995320761,0.00476856367381435
"12","ALS2",7,1,"alsin Rho guanine nucleotide exchange factor ALS2",7.7313805401893,11.4563888435869,0.370122647339863,0.0171133757023775
"13","AMIGO3",5,2,"adhesion molecule with Ig like domain 3",4.18197698996857,6.22446198230147,0.358399113790753,0.0277653575080594
"14","ANKIB1",7,1,"ankyrin repeat and IBR domain containing 1",12.0422526418514,21.9007223460718,0.59413337469709,0.0113958431511107
"15","ANTXR2",7,1,"ANTXR cell adhesion molecule 2",10.8642974206149,19.6246196131845,0.558155847279964,6.84518154986147e-05
"16","APBB2",7,6,"amyloid beta precursor protein binding family B member 2",30.1510343296101,67.058485363716,0.821706946186178,0.00524275404738136
"17","ARFGAP1",7,2,"ADP ribosylation factor GTPase activating protein 1",31.3304093326649,68.2697440444659,0.743143842603728,2.03858876154318e-07
"18","ARHGEF10L",7,1,"Rho guanine nucleotide exchange factor 10 like",2.85214193114511,5.06381250795459,0.544333408815687,0.00230632396027736
"19","ARHGEF28",7,1,"Rho guanine nucleotide exchange factor 28",9.86594166551814,14.0012950688109,0.305122523464774,0.0318887146803488
"20","ARIH1",7,2,"ariadne RBR E3 ubiquitin protein ligase 1",20.0243886210165,27.6621997982005,0.290327027300166,0.024611846341188
"21","ARL8A",7,6,"ADP ribosylation factor like GTPase 8A",43.1498769883295,66.7290954249249,0.400878113269873,0.00941975135973989
"22","ARRDC4",7,6,"arrestin domain containing 4",2.01690174150599,3.2901728033168,0.460971505470282,0.00855068702596227
"23","ARSI",7,2,"arylsulfatase family member I",1.73006090839204,2.61676099857152,0.372052156349453,0.0592187191175849
"24","ASPHD2",7,6,"aspartate beta-hydroxylase domain containing 2",2.4623097045007,4.24444094783629,0.490964243395655,0.00408229605440703
"25","ATP6AP2",7,2,"ATPase H+ transporting accessory protein 2",69.7515821924824,106.997251042844,0.382428515390819,0.00172564532636118
"26","ATP6V0D1",7,6,"ATPase H+ transporting V0 subunit d1",84.3118235388487,112.876242948639,0.249514112487515,0.0529182218955672
"27","ATP6V1D",7,6,"ATPase H+ transporting V1 subunit D",68.2614927120143,107.900665845928,0.417539573219332,0.000566188736978903
"28","ATP7A",7,2,"ATPase copper transporting alpha",2.4949308300265,5.05073320216026,0.778608008264611,0.0714781953240811
"29","ATP9A",7,1,"ATPase phospholipid transporting 9A (putative)",3.92086694186949,8.36528569237232,0.770210784283758,0.00474960954388911
"30","B4GALNT1",7,6,"beta-1,4-N-acetyl-galactosaminyltransferase 1",4.30325711104492,6.19860539390886,0.31700756613762,0.0950377417366348
"31","B4GALT5",7,2,"beta-1,4-galactosyltransferase 5",21.4227602597763,32.7916131243745,0.408620765964171,0.0291415361862327
"32","BICD2",7,6,"BICD cargo adaptor 2",29.7589171439426,42.3228904679732,0.321067930896473,0.00881292538254305
"33","BLOC1S2",7,1,"biogenesis of lysosomal organelles complex 1 subunit 2",37.3347389281798,54.6476452487297,0.338714683642882,0.00754207235752802
"34","BRAF",7,6,"B-Raf proto-oncogene, serine/threonine kinase",3.7157988523874,5.81190338031346,0.451888848985724,0.0865989094687121
"35","BTBD19",7,6,"BTB domain containing 19",0.828097593154967,1.70281255097518,0.751690074865573,0.0974630012991144
"36","BTG1",7,6,"BTG anti-proliferation factor 1",11.3162061927739,20.1236473921195,0.530303030163621,3.33178840214163e-05
"37","C10orf88",7,2,"chromosome 10 open reading frame 88",5.1004687766338,9.34100940141982,0.561380377310969,0.000148533032757019
"38","C11orf45",7,2,"chromosome 11 open reading frame 45",1.57116621642216,2.32916429368655,0.349079287756359,0.0954792662723808
"39","C11orf91",7,6,"chromosome 11 open reading frame 91",4.9796816264505,14.5085959617853,1.11089513858957,0.00646192000666744
"40","C18orf25",7,2,"chromosome 18 open reading frame 25",10.3152755813259,18.2672801759772,0.549465615739158,0.000350547501291552
"41","C1GALT1",5,1,"core 1 synthase, glycoprotein-N-acetylgalactosamine 3-beta-galactosyltransferase 1",17.5181631093046,30.3305623380459,0.518858375337913,0.000167761470744531
"42","C6orf132",7,1,"chromosome 6 open reading frame 132",5.07408135085642,9.41479486372907,0.580035851509809,1.18123379718862e-05
"43","C6orf89",7,6,"chromosome 6 open reading frame 89",15.047353252461,22.0023596249998,0.342341096247722,0.00671686629950318
"44","C8orf58",7,1,"chromosome 8 open reading frame 58",6.43200280494205,9.40247397596786,0.335363962091369,0.0459016123720524
"45","CABYR",7,1,"calcium binding tyrosine phosphorylation regulated",6.29470260073613,10.2459015785821,0.437304071044072,0.0126913134352003
"46","CAMK1G",7,1,"calcium/calmodulin dependent protein kinase IG",0.180649435839228,1.89455109598957,2.24637339808304,2.23157717290877e-08
"47","CAP1",7,1,"cyclase associated actin cytoskeleton regulatory protein 1",297.776118814628,517.187253924905,0.507391671190465,3.8491873633877e-05
"48","CAPN2",7,2,"calpain 2",529.570992040291,717.942034111436,0.259057467595889,0.0807729097307213
"49","CCDC9",7,2,"coiled-coil domain containing 9",14.6806921011048,22.8420612406906,0.405456198564061,0.0081324669728437
"50","CCSAP",7,6,"centriole, cilia and spindle associated protein",13.2375940658636,19.3506997845114,0.35992146898084,0.0401471891150251
"51","CDCP1",7,6,"CUB domain containing protein 1",50.62089327476,77.9173995903259,0.39665685934768,0.000738707850604287
"52","CDH13",7,1,"cadherin 13",22.2102021907823,39.2907419132225,0.537256865337737,9.5181697955802e-06
"53","CDR2",5,6,"cerebellar degeneration related protein 2",22.2691834173286,37.4391467065705,0.47376573143891,0.000224098772654169
"54","CEP170",7,6,"centrosomal protein 170",42.5233781975682,66.6204726546565,0.414295639429201,0.00040063998131361
"55","CERS5",7,6,"ceramide synthase 5",26.3215657665128,40.5078675986968,0.396214386631993,0.0132205723457707
"56","CFLAR",7,1,"CASP8 and FADD like apoptosis regulator",14.9533282136573,26.9088709201292,0.545003482128197,2.6873997181542e-05
"57","CLIP1",7,6,"CAP-Gly domain containing linker protein 1",26.8644199269741,40.3249341479869,0.364272101241489,0.00506692745584083
"58","CMPK1",7,1,"cytidine/uridine monophosphate kinase 1",104.109180714511,139.227386923526,0.247865343590985,0.0459427059408079
"59","CNN3",7,1,"calponin 3",59.7643765349025,78.1068127387021,0.221795983084655,0.0970124215220613
"60","CRYAB",7,2,"crystallin alpha B",0.564236645604531,27.5961663564617,3.74145250524949,6.58706838923719e-19
"61","CTNS",7,6,"cystinosin, lysosomal cystine transporter",6.06272278281225,8.2775913480961,0.260916045604304,0.0823332628505499
"62","CTSB",7,6,"cathepsin B",147.168227629286,466.86276336422,1.11212491000155,1.40872658153787e-22
"63","CXCL3",7,2,"C-X-C motif chemokine ligand 3",0.975102815338337,5.81450306296512,1.71979360742478,1.02013719910286e-11
"64","CYB561D1",7,2,"cytochrome b561 family member D1",2.6113397411724,4.57782316506238,0.522667821383725,0.000683762073086951
"65","CYB5R1",7,1,"cytochrome b5 reductase 1",51.6961261253794,98.4366784372016,0.602149576697357,1.10937504406515e-06
"66","CYP24A1",7,2,"cytochrome P450 family 24 subfamily A member 1",0.535624715196509,1.73674180561879,1.17861735995192,2.64314008892022e-05
"67","CYTH1",7,6,"cytohesin 1",41.8646847103227,71.400837536599,0.492618961634587,4.67880112426715e-05
"68","DCAF10",7,2,"DDB1 and CUL4 associated factor 10",9.38466887239494,14.3694246470913,0.395816412606254,0.00222271140773391
"69","DCUN1D3",7,6,"defective in cullin neddylation 1 domain containing 3",4.31193901816608,10.6537047618533,0.858590035183511,2.76996394122357e-09
"70","DGKA",7,6,"diacylglycerol kinase alpha",66.7287724866584,146.264301885933,0.738927433467799,2.06228926425095e-11
"71","DHRS1",7,1,"dehydrogenase/reductase 1",22.0385760052169,37.4892340499852,0.492050122860216,0.000390455520607031
"72","DISP2",7,6,"dispatched RND transporter family member 2",2.0260949237062,6.14090854629105,1.0605641008013,4.61958549715044e-14
"73","DLGAP1-AS1",7,1,"DLGAP1 antisense RNA 1",1.81072025932102,3.70307044121544,0.707865824040687,0.0202595689682756
"74","DNAJB6",5,2,"DnaJ heat shock protein family (Hsp40) member B6",138.713949712155,206.422313848023,0.351468654291133,0.00331254209722304
"75","DNAJC10",7,1,"DnaJ heat shock protein family (Hsp40) member C10",49.0929406981727,95.8314890826458,0.648267358211599,3.8680567329919e-05
"76","DNAJC3",7,6,"DnaJ heat shock protein family (Hsp40) member C3",31.8960738732293,52.1861409325427,0.463993394712375,0.000389583192267166
"77","DNASE1L1",7,2,"deoxyribonuclease 1 like 1",16.8302758967598,33.4866834016695,0.641902818238049,4.76452086943458e-07
"78","DNMBP",7,6,"dynamin binding protein",11.2020118186379,16.4924728994945,0.340590868586208,0.013072796289693
"79","DOCK7",7,2,"dedicator of cytokinesis 7",17.6488108918443,23.6584398389768,0.25637865790726,0.0558249698403892
"80","DUSP3",7,2,"dual specificity phosphatase 3",22.6783782692675,49.060416690113,0.725873310768103,2.94129382879764e-10
"81","DYNC1I2",7,1,"dynein cytoplasmic 1 intermediate chain 2",73.5399096389664,117.625605665791,0.450499947402943,0.00778751860971927
"82","EIF2AK3",7,6,"eukaryotic translation initiation factor 2 alpha kinase 3",5.49131899953571,17.5244799275834,1.17048670112642,5.10016559869217e-06
"83","ELK3",7,6,"ETS transcription factor ELK3",30.1179392971338,58.2456713590967,0.737495517478588,0.0950715113823179
"84","ELL2",7,6,"elongation factor for RNA polymerase II 2",18.9383557444135,45.8756266620433,0.85261189376277,1.71598845008504e-14
"85","EPHB2",7,6,"EPH receptor B2",14.2964222471484,56.6327499355124,1.33413270741141,3.2070453925209e-33
"86","EPS8L1",7,6,"EPS8 like 1",6.65388989182576,9.78826196745266,0.347226443568676,0.032201978955636
"87","ERAP1",7,2,"endoplasmic reticulum aminopeptidase 1",7.84111140583468,12.5041925444931,0.45363151114912,0.0391960960804831
"88","ERBB2",7,2,"erb-b2 receptor tyrosine kinase 2",27.2249044172466,36.7626428656976,0.254783405316509,0.0510242963120081
"89","ERMAP",5,6,"erythroblast membrane associated protein (Scianna blood group)",5.34780703308839,7.37807425210148,0.276237447261851,0.082356476496846
"90","EXOC7",7,1,"exocyst complex component 7",24.1439050805107,34.9429989877244,0.324519461349183,0.010775720341503
"91","F3",7,6,"coagulation factor III, tissue factor",210.62154624581,736.951057187169,1.20846466797329,6.43054489873927e-27
"92","FAM124A",7,2,"family with sequence similarity 124 member A",1.14162611883372,2.27885787340125,0.668261512876969,0.00041287214517557
"93","FAM174A",7,2,"family with sequence similarity 174 member A",10.8754231547046,20.0584351696049,0.565817054618352,0.000198788515158486
"94","FAM214A",7,6,"family with sequence similarity 214 member A",4.07737782848648,7.71569292354231,0.65275558426175,0.0251325548063249
"95","FAM228B",7,1,"family with sequence similarity 228 member B",1.83044400474991,7.73347908461247,1.38735701931426,5.15338796559469e-12
"96","FAM49A",7,6,"family with sequence similarity 49 member A",0.553577618322681,0.920089468848665,0.456825375058383,0.0737999805323501
"97","FAT1",7,6,"FAT atypical cadherin 1",25.9461644879048,47.7042757974934,0.561930438773836,2.94699819957819e-06
"98","FBN1",7,2,"fibrillin 1",0.833904437690719,15.1489039047791,2.85657545405423,1.96385144303659e-98
"99","FBXO38",7,1,"F-box protein 38",17.2929554440199,23.6139388318962,0.2835363461981,0.0378550546990837
"100","FCHSD1",7,6,"FCH and double SH3 domains 1",8.71864977864594,15.4994516372217,0.529638711336138,6.29942361386435e-05
"101","FCHSD2",7,1,"FCH and double SH3 domains 2",6.90597039759889,10.317378660546,0.384489097273054,0.0409275855505503
"102","FLNB",7,1,"filamin B",136.290356305964,307.03879931285,0.795925799913939,2.84331389125024e-06
"103","FLRT2",7,1,"fibronectin leucine rich transmembrane protein 2",8.81854103328042,15.6880474679977,0.562744243972127,0.00325650771971347
"104","FUCA2",7,1,"alpha-L-fucosidase 2",81.8607003972567,105.898964722636,0.211836793740454,0.0960819246062467
"105","FXR2",7,2,"FMR1 autosomal homolog 2",37.517707717335,49.4808188211334,0.230490161785858,0.0817643921879457
"106","GABRA3",5,6,"gamma-aminobutyric acid type A receptor alpha3 subunit",0.00945477662159659,0.96653202721614,3.80692051414293,3.20690102668416e-15
"107","GALNT10",7,6,"polypeptide N-acetylgalactosaminyltransferase 10",42.5805792584786,89.4000699856992,0.700876792518057,2.53203457700983e-10
"108","GALNT6",7,6,"polypeptide N-acetylgalactosaminyltransferase 6",26.7060238552007,71.334884790489,0.952128353968247,7.32362981268741e-17
"109","GANC",7,1,"glucosidase alpha, neutral C",7.67010895642295,13.2191391244074,0.514340356206205,0.000404678801186068
"110","GAS6",7,2,"growth arrest specific 6",58.0135952623227,152.51836789328,0.929459289382258,2.58460364332697e-13
"111","GCC1",7,2,"GRIP and coiled-coil domain containing 1",8.03797571001138,13.5131031303631,0.479539294580187,0.000403323437329811
"112","GFPT2",7,6,"glutamine-fructose-6-phosphate transaminase 2",18.2580269377827,28.0529199760807,0.40119001854453,0.0416770816607581
"113","GLUD1P3",7,2,"glutamate dehydrogenase 1 pseudogene 3",0.35556368138551,0.688928339882965,0.646273322524031,0.0383979803378976
"114","GNAS",7,2,"GNAS complex locus",519.613625359164,722.776599232116,0.293131602689282,0.0466108947430671
"115","GPAM",7,1,"glycerol-3-phosphate acyltransferase, mitochondrial",9.92014946713289,90.4157878186776,2.18458469128849,1.07857243538769e-65
"116","GPATCH2L",7,2,"G-patch domain containing 2 like",6.06615155730889,12.3329812254522,0.737380391458331,0.0232906298205802
"117","GPR137B",7,1,"G protein-coupled receptor 137B",9.97536168921033,25.7944932958391,0.903752118592,9.34899124314566e-12
"118","GPR157",7,6,"G protein-coupled receptor 157",3.67061864410391,9.03478564646863,0.948196444296234,0.0120774211807737
"119","GSN",5,1,"gelsolin",12.2178592123694,45.1746408986793,1.27300362052373,2.07252908670317e-19
"120","H6PD",7,6,"hexose-6-phosphate dehydrogenase/glucose 1-dehydrogenase",4.88348407855896,8.72401997445903,0.553400408590758,4.46204316504272e-05
"121","HBEGF",7,2,"heparin binding EGF like growth factor",7.05095332300353,10.3610537997635,0.338973029721828,0.029905463969617
"122","HCG18",7,6,"HLA complex group 18",3.99864378040545,7.59717096078043,0.606093158024473,7.06628827780984e-06
"123","HDAC11",7,2,"histone deacetylase 11",5.17424836323682,8.01582658463934,0.411608930478104,0.0510935568876578
"124","HEG1",7,6,"heart development protein with EGF like domains 1",3.61152555681512,8.24886123508153,0.812808717740746,9.99651294104722e-06
"125","HIF1A",7,6,"hypoxia inducible factor 1 subunit alpha",89.7754968262604,296.845596005237,1.19745390961806,7.62015945996553e-08
"126","HIF1AN",7,1,"hypoxia inducible factor 1 subunit alpha inhibitor",11.3604608275269,18.591047702723,0.452162782942082,0.000334047414940762
"127","HIVEP3",7,1,"HIVEP zinc finger 3",1.02971112886939,1.87473463367821,0.548057265677658,0.00545259605510712
"128","HMOX1",7,1,"heme oxygenase 1",4.80329725341965,20.2195501097362,1.38893892284498,8.56265125883017e-21
"129","HS1BP3",7,6,"HCLS1 binding protein 3",13.0701874990276,20.979720319482,0.434418694077302,0.00167616279979798
"130","HSD17B2",7,6,"hydroxysteroid 17-beta dehydrogenase 2",2.35220596066497,5.80090301993133,0.879281982239107,0.00020866702152424
"131","IER3",7,2,"immediate early response 3",66.6817484824436,262.160679457334,1.32677061819694,2.42070136065467e-33
"132","IFI27L2",7,1,"interferon alpha inducible protein 27 like 2",63.999097117781,117.158478602713,0.607282202763763,0.0465094006390024
"133","IGF2R",7,6,"insulin like growth factor 2 receptor",31.658809939949,59.728917818705,0.676059799801558,0.0558596288056637
"134","IKZF2",7,2,"IKAROS family zinc finger 2",0.426412701435267,1.09580876557475,1.02996690870999,0.0278109278027436
"135","IQGAP1",5,6,"IQ motif containing GTPase activating protein 1",101.517781224179,167.456521248323,0.456218266270603,0.000124559076265389
"136","IQSEC1",7,1,"IQ motif and Sec7 domain ArfGEF 1",7.33118882604246,13.2646736057986,0.578972571179763,0.00180053618958114
"137","IRAK2",7,1,"interleukin 1 receptor associated kinase 2",1.21509418123027,3.80528422537096,1.09277489914574,6.36797491698808e-10
"138","ITPRIPL2",7,2,"ITPRIP like 2",9.70518031039758,13.8822379024803,0.322665998730124,0.015082153511528
"139","JAK1",7,6,"Janus kinase 1",36.9377172840792,68.5163754792259,0.573103019881676,4.95558364877621e-07
"140","JAK2",7,1,"Janus kinase 2",1.81600646668126,3.24065883394605,0.59860149930887,0.0491960610555948
"141","KANK1",7,6,"KN motif and ankyrin repeat domains 1",31.1854787393313,40.4267818902343,0.227692445227407,0.089769696043188
"142","KCTD2",7,6,"potassium channel tetramerization domain containing 2",11.1990009355956,15.7708702755296,0.295906277270263,0.0364152934264303
"143","KHNYN",7,6,"KH and NYN domain containing",13.4305029375839,22.8011747427529,0.485667387124057,7.88421221282942e-05
"144","KLHL22",7,2,"kelch like family member 22",12.0213892775899,19.3158781359923,0.432422070039869,0.00190368502352846
"145","KLHL25",7,1,"kelch like family member 25",3.56552119886446,5.15228540685218,0.322079341764901,0.0510770541119218
"146","KRT16",7,6,"keratin 16",5.93730428176833,17.6528109717584,1.09090998856879,0.000128709777874688
"147","KRT6B",7,6,"keratin 6B",6.44845188607449,16.4222337985001,0.893899729881502,1.20904721540239e-10
"148","LACC1",7,6,"laccase domain containing 1",6.06875582519355,9.97570577879222,0.482060010365108,0.0108174550738559
"149","LAMB2",7,1,"laminin subunit beta 2",32.2313510135786,72.73930883151,0.768425551677535,3.19557088466749e-12
"150","LARP6",7,2,"La ribonucleoprotein 6, translational regulator",24.8144336160505,61.0306680848089,0.883189982864176,0.000526107693167967
"151","LASP1",7,1,"LIM and SH3 protein 1",128.612979014871,189.862412855963,0.344874458692829,0.00485157170924353
"152","LIF",7,2,"LIF interleukin 6 family cytokine",1.59273743702502,3.69276375837284,0.785746033558573,4.41109114534691e-06
"153","LIMS1",7,2,"LIM zinc finger domain containing 1",24.5738300660553,38.6042104068707,0.422539824549403,0.00123130820261564
"154","LINC00607",5,6,"long intergenic non-protein coding RNA 607",0.0471418477085834,0.491662334853413,2.0751553567094,0.00139689857063755
"155","LMLN",7,1,"leishmanolysin like peptidase",1.77038819428432,2.90468512498549,0.477560792296195,0.00840304810382647
"156","LPAR1",7,1,"lysophosphatidic acid receptor 1",0.539537375635322,3.05226079532578,1.66255897820629,9.84918015526562e-13
"157","LPGAT1",7,2,"lysophosphatidylglycerol acyltransferase 1",38.1326798297958,55.0817329878298,0.348931785439777,0.0483074058125168
"158","LRRC8A",7,6,"leucine rich repeat containing 8 VRAC subunit A",31.6543217286849,42.0865084866191,0.24067249616615,0.0616676591058845
"159","LYRM9",5,1,"LYR motif containing 9",0.414328761885373,1.25100778770751,1.07610075035965,0.00734368273948164
"160","MAP3K10",7,6,"mitogen-activated protein kinase kinase kinase 10",4.88058602133977,7.28479708796772,0.353660993252627,0.0205678369595409
"161","MAP4",7,2,"microtubule associated protein 4",116.299600389827,165.243168742605,0.306558150429459,0.0121867020204528
"162","MAPK8IP1",5,6,"mitogen-activated protein kinase 8 interacting protein 1",1.12955661442781,1.89478858137545,0.465026320676591,0.0613221156056436
"163","MAPK8IP3",7,2,"mitogen-activated protein kinase 8 interacting protein 3",11.2694344530672,22.485573044749,0.649423503382898,1.24813785233106e-07
"164","MARK1",7,1,"microtubule affinity regulating kinase 1",4.84340869705179,10.6332457858432,0.750201438506297,1.35882092848597e-08
"165","MAST2",7,6,"microtubule associated serine/threonine kinase 2",22.6243909414681,33.5990006243722,0.349179961066618,0.00729107664297931
"166","MBNL1-AS1",7,1,"MBNL1 antisense RNA 1",0.22612268651663,0.44672031703427,0.614346543429186,0.0311760367699828
"167","MFGE8",7,2,"milk fat globule-EGF factor 8 protein",24.8560820405596,74.3424170807545,1.05285661135803,1.21166210462134e-18
"168","MFSD6",7,6,"major facilitator superfamily domain containing 6",7.10096888016144,16.1189752331428,0.786707114074115,1.06811108419929e-09
"169","MGST3",7,2,"microsomal glutathione S-transferase 3",95.0757910496376,139.640743485962,0.357191201428126,0.073159960095716
"170","MINK1",7,2,"misshapen like kinase 1",35.4855716224878,51.4615326792408,0.331135334096695,0.00616598284625774
"171","MN1",7,6,"MN1 proto-oncogene, transcriptional regulator",0.21357711580589,2.20997307911728,2.27172575121889,1.17462531305709e-18
"172","MSLN",7,2,"mesothelin",32.9193511078039,78.3369588554076,0.860154468653341,0.000620513526685361
"173","MTMR10",7,1,"myotubularin related protein 10",7.001955991885,11.264785833467,0.44337280839281,0.00195810518353873
"174","MUC1",7,1,"mucin 1, cell surface associated",37.0819260589603,69.2251609516615,0.581113696658656,1.38014104640477e-05
"175","MVP",5,1,"major vault protein",52.2605413736685,116.630218662029,0.776464669517625,2.18988033546693e-05
"176","MYD88",7,1,"MYD88 innate immune signal transduction adaptor",20.253198678851,28.6902189177607,0.308324253952587,0.0244795443029946
"177","MYH9",7,6,"myosin heavy chain 9",287.595233449958,541.316457015725,0.589356404269003,1.38802064730891e-06
"178","MYL2",7,6,"myosin light chain 2",0.212552726574304,2.98064991358115,3.05850822789989,0.00157948654156372
"179","NAGK",7,6,"N-acetylglucosamine kinase",20.1981102855189,54.5424981918141,0.971576985617483,1.29242140609167e-06
"180","NBEA",7,6,"neurobeachin",0.927881572316929,1.61692029067744,0.547888180135451,0.0794475200809148
"181","NBEAL1",7,1,"neurobeachin like 1",2.81813020641148,6.27317912795292,0.858183703739286,0.0359126898636869
"182","NEURL1B",7,6,"neuralized E3 ubiquitin protein ligase 1B",5.60748724357114,23.172699818376,1.38478174858075,3.3962005067483e-31
"183","NIPA1",7,6,"NIPA magnesium transporter 1",6.898082941687,13.8206655919129,0.6865829385456,0.00084107259486514
"184","NKX3-2",7,2,"NK3 homeobox 2",0.178409640888034,0.63371385206584,1.191951004186,0.0136316517136818
"185","NLRP3",7,2,"NLR family pyrin domain containing 3",0.426337497439747,7.20663758400039,2.76531568951258,9.86390150237643e-41
"186","NPHP3",7,1,"nephrocystin 3",3.68714354185927,7.33948380860031,0.655767782583666,3.04358128258679e-05
"187","NRBF2",7,1,"nuclear receptor binding factor 2",15.6771369982636,30.1811989714817,0.608248904357144,6.03070455711168e-06
"188","NRIP1",7,6,"nuclear receptor interacting protein 1",7.21437019877446,11.1068317826681,0.429541713372142,0.0842720809413119
"189","NRIP3",7,1,"nuclear receptor interacting protein 3",2.41026940319898,6.58228260854771,0.965691259977533,1.28513385475455e-09
"190","NTN1",7,2,"netrin 1",0.500878879173094,1.46139012671904,1.02031878111882,2.35840703075622e-07
"191","OAS2",5,2,"2'-5'-oligoadenylate synthetase 2",0.319464673292976,0.618514889891159,0.6357359290225,0.0915856863498049
"192","OGFRL1",7,6,"opioid growth factor receptor like 1",28.6449125526665,39.9468021496771,0.310052481308367,0.0646877625314721
"193","OSBP",7,6,"oxysterol binding protein",28.6302632435281,52.1905714347072,0.577134826308759,0.000196407742988437
"194","OSBPL2",7,6,"oxysterol binding protein like 2",15.2969682848594,28.5967277440055,0.581727995234355,3.23420956220231e-06
"195","OTUB2",7,2,"OTU deubiquitinase, ubiquitin aldehyde binding 2",2.19236864374871,5.52385460648581,0.875698989527913,7.85402813588985e-07
"196","P2RX4",7,1,"purinergic receptor P2X 4",3.4125956048802,4.99650485443702,0.345268039552217,0.0819578173187134
"197","PAFAH2",7,1,"platelet activating factor acetylhydrolase 2",7.79496580103069,11.938128940866,0.378540752080995,0.00804299831070357
"198","PARD6G",7,6,"par-6 family cell polarity regulator gamma",11.8199490531447,20.6203928185831,0.513581854858716,0.00260634831663972
"199","PAX8",5,6,"paired box 8",0.348748387987203,0.779980956695298,0.765556366977332,0.01006963299551
"200","PDCD1LG2",7,2,"programmed cell death 1 ligand 2",2.75869557067589,18.4469554158208,1.86567631392024,3.90893345825711e-29
"201","PDLIM5",7,2,"PDZ and LIM domain 5",36.0144931138172,58.4932391185478,0.448576411797073,0.000124439929853854
"202","PDZK1",7,6,"PDZ domain containing 1",0.470586163689976,3.45268151121362,1.99624262275774,1.3752042501602e-09
"203","PF4",7,2,"platelet factor 4",0.209044233054461,1.13572638903515,1.76403617417182,0.0231179258154308
"204","PHF1",7,2,"PHD finger protein 1",12.7853968919182,18.6388643219626,0.344552208367641,0.0458189440795019
"205","PIGQ",7,6,"phosphatidylinositol glycan anchor biosynthesis class Q",17.0543153670227,25.2721336202031,0.356976716384822,0.0137929642003791
"206","PIK3IP1",7,1,"phosphoinositide-3-kinase interacting protein 1",0.555957339596432,2.4741774148694,1.47090984750729,1.1964502954879e-08
"207","PINK1",7,6,"PTEN induced kinase 1",49.7730670135243,105.472210407621,0.7159960710579,1.00200331902303e-06
"208","PIP4K2C",7,1,"phosphatidylinositol-5-phosphate 4-kinase type 2 gamma",26.5457801085201,68.0640028754239,0.899455918692558,2.95971869513022e-15
"209","PLAU",7,2,"plasminogen activator, urokinase",80.7827856745024,310.525550118673,1.32182140720557,4.48167734023916e-13
"210","PLEKHM1",7,1,"pleckstrin homology and RUN domain containing M1",6.56159807616465,14.2794700968824,0.735239882775413,1.3834754495251e-08
"211","PLSCR3",7,2,"phospholipid scramblase 3",34.5194885827814,63.3255690427309,0.568213839314801,4.31335646537604e-05
"212","PMAIP1",7,6,"phorbol-12-myristate-13-acetate-induced protein 1",7.58797540026995,11.5370339910534,0.388123746156741,0.013439264481138
"213","POLH",7,6,"DNA polymerase eta",13.3246315154144,21.5841285075608,0.476543879013502,0.0411119483403773
"214","PPP2R2C",7,6,"protein phosphatase 2 regulatory subunit Bgamma",1.04069059422269,1.8368660762571,0.515469185870713,0.00878499782170996
"215","PPP2R5B",7,6,"protein phosphatase 2 regulatory subunit B'beta",6.07057841692945,19.8439819591385,1.1473810450787,6.12129658067271e-15
"216","PRKAA2",7,2,"protein kinase AMP-activated catalytic subunit alpha 2",0.63080812823694,1.00935752057918,0.445434498959289,0.0195603626978608
"217","PRUNE2",7,1,"prune homolog 2 with BCH domain",0.214057351100186,4.19920272117763,3.00017387365997,3.02184878003271e-11
"218","PSORS1C1",7,1,"psoriasis susceptibility 1 candidate 1",1.81243143174531,6.42287562399327,1.29252498369022,0.004773368358536
"219","PTK2",7,6,"protein tyrosine kinase 2",59.5448381909832,85.0695865185311,0.311330088738117,0.0101836534527459
"220","PTPRM",7,1,"protein tyrosine phosphatase receptor type M",14.1396002380311,25.0485538716527,0.568832339724765,0.0118718004115615
"221","PURB",5,6,"purine rich element binding protein B",8.45776630131503,11.8719784805574,0.314904358039652,0.0650217431519895
"222","RAB11A",7,2,"RAB11A, member RAS oncogene family",41.336783599445,56.6759654469813,0.269835759724925,0.0288362894338187
"223","RAB1A",5,1,"RAB1A, member RAS oncogene family",107.422977765858,142.130213487916,0.234172587159205,0.0612794017124598
"224","RAB22A",7,6,"RAB22A, member RAS oncogene family",8.75027577670702,15.8136018301817,0.548561231690482,7.63712057507992e-06
"225","RAB5B",5,1,"RAB5B, member RAS oncogene family",31.5484619398043,61.5960761640902,0.634187204315645,1.64854575924757e-08
"226","RAB6B",7,1,"RAB6B, member RAS oncogene family",0.676972502908417,3.32848640821901,1.57557965778557,5.75061845232722e-11
"227","RALA",7,6,"RAS like proto-oncogene A",38.8338451110858,64.9205003919589,0.469209660903701,0.000101701693656416
"228","RALGPS1",5,6,"Ral GEF with PH domain and SH3 binding motif 1",0.92474195105197,1.94603760509423,0.707122917810779,0.00925939366228318
"229","RANBP17",7,2,"RAN binding protein 17",4.52664417877573,10.3995299253529,0.790596909058233,2.63744366880543e-06
"230","RAP1GDS1",7,6,"Rap1 GTPase-GDP dissociation stimulator 1",36.1919211463625,47.5480756993388,0.229260277418929,0.0793548611365765
"231","RASSF3",7,6,"Ras association domain family member 3",18.3664543539751,26.3881960367931,0.324229031672281,0.0172644811014275
"232","RASSF6",7,1,"Ras association domain family member 6",1.09022565860383,3.96458074251721,1.32255692526333,1.11313828728267e-05
"233","RBKS",7,2,"ribokinase",2.92548795382754,4.73419562092829,0.442697154447268,0.0550359378593634
"234","RELB",7,6,"RELB proto-oncogene, NF-kB subunit",11.3749866706168,24.590616255552,0.75776891493919,0.00520645545419808
"235","RGL1",7,1,"ral guanine nucleotide dissociation stimulator like 1",1.80109539198119,2.96090968906955,0.475083225591347,0.0278109278027436
"236","RGS11",7,1,"regulator of G protein signaling 11",0.287702609053774,2.62709044891927,2.14896487179798,3.2278205227349e-10
"237","RHBDF1",7,6,"rhomboid 5 homolog 1",6.43273589504319,18.894585906506,1.03190936756086,5.72163469391657e-14
"238","RIT1",7,2,"Ras like without CAAX 1",9.82246596378872,14.8628788163426,0.368626146273873,0.00958990364813454
"239","RLIM",7,1,"ring finger protein, LIM domain interacting",9.26896687334149,14.5872180634602,0.433203623116002,0.00974917995131321
"240","RNASE4",7,1,"ribonuclease A family member 4",3.06056830883806,10.5630677174752,1.20597314117459,2.41385750327697e-11
"241","RNF103",7,2,"ring finger protein 103",15.1387098603533,21.0638270918367,0.286509030997286,0.0440209043831804
"242","RNF11",7,2,"ring finger protein 11",39.1335314678389,59.3404454992235,0.377701119493068,0.00207807993609944
"243","RNF170",7,1,"ring finger protein 170",7.56111892693089,10.4289592824473,0.289419009455448,0.0648835154895891
"244","RNF215",7,6,"ring finger protein 215",7.91616126883605,14.0077384693693,0.534303063806116,0.000483963746251833
"245","ROR1",7,2,"receptor tyrosine kinase like orphan receptor 1",1.48067782656287,4.87873045584653,1.28535276167929,0.00492246998632371
"246","RP2",7,1,"RP2 activator of ARL3 GTPase",5.67806688116588,9.35109189646911,0.502382888913913,0.0578075763466011
"247","RPS6KC1",7,1,"ribosomal protein S6 kinase C1",15.3008693649937,32.5200098801231,0.727467361461411,4.25167956438126e-08
"248","RRBP1",7,6,"ribosome binding protein 1",103.538411197571,191.176817723999,0.5791314057279,0.000128749635601762
"249","RYBP",7,2,"RING1 and YY1 binding protein",14.3735493564989,19.7753305989591,0.284041280011676,0.0368887465754966
"250","SAT1",5,6,"spermidine/spermine N1-acetyltransferase 1",130.26092368253,194.230887198178,0.363231374788054,0.0320927332079877
"251","SEC23A",7,6,"Sec23 homolog A, coat complex II component",59.3729359519465,171.280617883479,1.100258050516,0.000963033966176429
"252","SEC24C",7,1,"SEC24 homolog C, COPII coat complex component",64.7772609908308,85.2734912953231,0.230494348117918,0.0717424225688618
"253","SEC61A1",7,1,"SEC61 translocon alpha 1 subunit",228.973251738418,340.674213702667,0.35533297186229,0.00492520192551219
"254","SEMA4F",7,1,"ssemaphorin 4F",7.4887572009195,13.9100400968712,0.581444899767385,4.64932104416887e-05
"255","SENP2",7,1,"SUMO specific peptidase 2",16.9647608371258,22.6020671251802,0.252225806934505,0.075643513270911
"256","SERAC1",7,2,"serine active site containing 1",3.79993939664265,5.36919271523309,0.32744496075606,0.0795979643017862
"257","SGPL1",7,2,"sphingosine-1-phosphate lyase 1",18.3551800409635,36.7656589650135,0.66717344342143,3.05240307023127e-07
"258","SGTB",7,1,"small glutamine rich tetratricopeptide repeat containing beta",3.25244032502699,7.84704113948375,0.843373555001801,7.31281901950511e-10
"259","SHOC2",7,2,"SHOC2 leucine rich repeat scaffold protein",20.9105207922053,29.5647308791791,0.306903664530521,0.0196306871753337
"260","SIDT2",7,6,"SID1 transmembrane family member 2",6.17076433213145,13.0761932542873,0.705838560671696,2.87224791695306e-07
"261","SLC16A4",7,1,"solute carrier family 16 member 4",3.64194260339597,13.7603843515363,1.28121485841388,5.68360196732724e-19
"262","SLC1A4",7,1,"solute carrier family 1 member 4",2.08076057190245,5.23164501618239,0.872060084281732,1.2113912795911e-08
"263","SLC22A5",7,2,"solute carrier family 22 member 5",29.0257590299314,68.0538961220907,0.809135914240116,2.07419022275439e-12
"264","SLC25A42",7,2,"solute carrier family 25 member 42",0.889074474030225,2.18860973637796,0.845412558373688,0.00113609909860572
"265","SLC37A3",7,2,"solute carrier family 37 member 3",17.6148832633335,33.9119103575944,0.614847508882321,1.95601479751261e-06
"266","SLC38A2",7,6,"solute carrier family 38 member 2",128.172610501766,178.976969364039,0.309609869888371,0.0437928702300048
"267","SLC39A13",7,1,"solute carrier family 39 member 13",41.4056617886897,94.8150306960207,0.802953526910341,4.90228350483539e-05
"268","SLC44A2",7,1,"solute carrier family 44 member 2",3.62137012890524,15.1554431654458,1.38582087833126,4.67697120941861e-24
"269","SLC46A1",7,2,"solute carrier family 46 member 1",11.2772895023627,17.2212415096269,0.386503891075759,0.0033145365625598
"270","SLC52A3",7,2,"solute carrier family 52 member 3",0.100744626383794,0.563199784188291,1.60911014064011,0.00141958931094755
"271","SLC9A7",7,1,"solute carrier family 9 member A7",5.73098424355557,8.85185342551213,0.407767805328799,0.00352140124432593
"272","SMARCA1",7,1,"SWI/SNF related, matrix associated, actin dependent regulator of chromatin, subfamily a, member 1",1.16689467076093,2.80880342094508,0.839567162860939,5.34026419523505e-06
"273","SMIM14",7,6,"small integral membrane protein 14",7.24213343740522,21.1100436367449,1.04692774405229,9.94929848045398e-11
"274","SNX33",7,6,"sorting nexin 33",10.6871566540865,16.4100350116857,0.382105669539633,0.00662501731466178
"275","SP110",7,1,"SP110 nuclear body protein",12.6566862754319,28.1809249212235,0.756740485028153,1.52800494012952e-08
"276","SPATA18",7,2,"spermatogenesis associated 18",4.05385912571033,8.51653084489364,0.723763159280138,0.000160812435149003
"277","SPINK6",7,2,"serine peptidase inhibitor, Kazal type 6",0.0888309523249135,9.6684268795256,4.28935855314059,8.30805685630487e-14
"278","SPOCK1",7,1,"SPARC (osteonectin), cwcv and kazal like domains proteoglycan 1",4.38217672214914,11.9175965504881,0.964204870888299,1.384546575031e-13
"279","SPPL2A",7,6,"signal peptide peptidase like 2A",36.9069119834531,50.4918902981755,0.271355536169161,0.0472923069202762
"280","SRP54",7,1,"signal recognition particle 54",56.1490525144186,85.1508599036496,0.371033801709566,0.00250326581148319
"281","SSH2",7,1,"slingshot protein phosphatase 2",7.60140253458381,12.7969336446733,0.530063943241944,0.0625829860065076
"282","STAM",7,1,"signal transducing adaptor molecule",15.6192093108868,22.5576010314562,0.327712749780275,0.0151009880355345
"283","STAT2",7,2,"signal transducer and activator of transcription 2",8.73369179216053,21.9939324932058,0.880328865182879,6.68487881471922e-12
"284","STK17B",7,6,"serine/threonine kinase 17b",7.8025036391276,12.5049143273802,0.451738709573474,0.00831628067738639
"285","STK32A",7,2,"serine/threonine kinase 32A",0.582646639736847,2.30945493759991,1.30974776082831,0.000167634450555196
"286","STON2",7,6,"stonin 2",5.23698305459391,9.95407106402236,0.600181244693272,4.32698674468006e-06
"287","STX2",7,2,"syntaxin 2",11.0066290437876,17.4942091286868,0.432674532442657,0.00412987771900256
"288","STX3",7,2,"syntaxin 3",5.89928007970376,10.4375738973165,0.551281965329221,0.0149342923807884
"289","SUCO",7,1,"SUN domain containing ossification factor",14.2775669964245,37.5021174120341,0.96935373925872,5.65455480794659e-05
"290","SUMF1",7,2,"sulfatase modifying factor 1",20.0699583069147,31.5217513767158,0.405322014597985,0.0027713713208296
"291","SYNE1",7,6,"spectrin repeat containing nuclear envelope protein 1",2.74102108434669,4.91091706663908,0.547016502643144,0.00120542818847567
"292","SYNE2",7,6,"spectrin repeat containing nuclear envelope protein 2",16.1137090433398,21.4538711101322,0.256864543303005,0.0779067952244184
"293","SYNGR2",7,2,"synaptogyrin 2",50.3915441845989,95.1261799752248,0.597745833807086,9.22854459334167e-06
"294","TACC1",7,2,"transforming acidic coiled-coil containing protein 1",14.7853645893967,22.6440211200845,0.418444439471075,0.0550689616579082
"295","TBC1D20",7,2,"TBC1 domain family member 20",14.8904371616789,25.711445582246,0.503965055260864,8.82138519786226e-05
"296","TBC1D9",7,2,"TBC1 domain family member 9",6.51321744248071,15.0644974093845,0.820502348059276,6.78704480671565e-07
"297","TCF12",7,6,"transcription factor 12",24.2702177547814,39.7740101236309,0.489195990384276,0.0290074998463766
"298","TDRD7",7,6,"tudor domain containing 7",13.2364997400777,19.3381351944275,0.33562282327895,0.0172552295638426
"299","TGFBR1",7,6,"transforming growth factor beta receptor 1",9.63710587541046,39.3772545630599,1.375437637939,1.74927586591609e-34
"300","TIMP3",5,6,"TIMP metallopeptidase inhibitor 3",25.3229948598693,48.6429571426169,0.607948585063951,9.57724340345191e-08
"301","TJP1",7,2,"tight junction protein 1",30.4569356535344,60.0576402109289,0.696444947252698,0.0150179352267143
"302","TLE6",5,1,"TLE family member 6, subcortical maternal complex member",0.226690417966439,0.649166322590768,0.950587816042818,0.0491690607466877
"303","TMED2",7,2,"transmembrane p24 trafficking protein 2",269.496259708855,397.773566310737,0.343394183816381,0.00523807295152057
"304","TMED9",7,6,"transmembrane p24 trafficking protein 9",326.923103858779,524.929760932159,0.44402672471382,0.0156058893555171
"305","TMEM131",7,2,"transmembrane protein 131",19.6563472963007,27.8905598705321,0.303482082036626,0.0268881220106589
"306","TMEM139",5,1,"transmembrane protein 139",6.06441192948511,14.3099148200003,0.823048622335575,1.92228531667129e-07
"307","TMEM150C",7,2,"transmembrane protein 150C",0.459616169164725,1.85338132072761,1.41475702638073,5.36360612226602e-05
"308","TMEM187",7,2,"transmembrane protein 187",6.32958414053595,9.17693718508298,0.331424299913675,0.0968871006545311
"309","TMEM254",7,2,"transmembrane protein 254",8.88368944783331,16.6425433242281,0.584242293406232,4.31301484150815e-05
"310","TMF1",7,1,"TATA element modulatory factor 1",11.2611654358139,26.5521607959502,0.864299325087179,0.000557349526505162
"311","TNC",7,1,"tenascin C",8.65084366723394,36.8268179289738,1.43562663019014,3.40729468351262e-16
"312","TNKS1BP1",7,6,"tankyrase 1 binding protein 1",53.4906694591435,78.7626039449658,0.360117271011357,0.067382142260756
"313","TP53INP2",7,6,"tumor protein p53 inducible nuclear protein 2",1.0662956613177,6.37160485019711,1.88881697762093,3.64368892345238e-05
"314","TPMT",7,1,"thiopurine S-methyltransferase",14.1497100764937,20.6259011164061,0.331027633244656,0.0214591910516586
"315","TPRG1L",7,6,"tumor protein p63 regulated 1 like",22.3833770226214,45.0584616534976,0.656628394470292,1.84777715361077e-07
"316","TRAM1",7,1,"translocation associated membrane protein 1",92.5434062697373,170.497049088482,0.576242182617007,3.26836158374668e-07
"317","TRIO",7,6,"trio Rho guanine nucleotide exchange factor",11.2158747991648,31.6150246994421,1.12852404948434,0.0120383440725613
"318","TVP23C",7,2,"trans-golgi network vesicle protein 23 homolog C",1.57761436168574,2.6528475803252,0.48422057228335,0.0540725254033202
"319","TWSG1",7,6,"twisted gastrulation BMP signaling modulator 1",33.0165039128073,44.8868590498787,0.279375430420217,0.0524858606745043
"320","TXNDC15",7,2,"thioredoxin domain containing 15",19.1708989669277,31.1197468765308,0.438740068316957,0.000749473267470625
"321","UAP1",7,2,"UDP-N-acetylglucosamine pyrophosphorylase 1",185.625802722478,266.088741283831,0.315372894099562,0.0097076708542565
"322","UBAP1",7,1,"ubiquitin associated protein 1",44.7489730958393,60.1704365052167,0.250994540656445,0.0537204243089822
"323","UGGT2",7,1,"UDP-glucose glycoprotein glucosyltransferase 2",16.8758030307042,23.1256363740947,0.270301253987356,0.0783434479464166
"324","USP31",7,6,"ubiquitin specific peptidase 31",5.25072901994691,7.21416197661844,0.28621020440625,0.0405825508161574
"325","VAMP3",7,6,"vesicle associated membrane protein 3",82.8774212825728,142.356209942652,0.495144881288487,1.70280705541723e-05
"326","VCAN",7,2,"versican",7.7853473433496,44.7890366482665,1.72395590222572,5.97593211390348e-41
"327","VMP1",7,1,"vacuole membrane protein 1",69.4670402369337,111.539094139766,0.428384576502734,0.000322970745213186
"328","VPS13D",7,2,"vacuolar protein sorting 13 homolog D",5.53006255272115,8.3567575385859,0.365011374785874,0.00683929652422164
"329","VPS9D1",7,2,"VPS9 domain containing 1",4.11131371406927,8.3965445046452,0.66546607918727,5.63181154693989e-06
"330","VTI1A",7,2,"vesicle transport through interaction with t-SNAREs 1A",10.8242985867968,14.8312428236606,0.269499467040736,0.0732195530418946
"331","WDR78",7,2,"WD repeat domain 78",0.467127986910014,0.930618710845983,0.603437886078032,0.0877364402488896
"332","WIPI1",7,1,"WD repeat domain, phosphoinositide interacting 1",2.74928656234335,21.5413195697326,2.00106584227134,1.0168250013176e-43
"333","XYLT2",5,6,"xylosyltransferase 2",13.2188129730396,18.650818484768,0.299859927993074,0.032562410188768
"334","ZBTB47",5,1,"zinc finger and BTB domain containing 47",3.33029888755211,8.54259631408695,0.894000588098462,3.55043060070948e-11
"335","ZC3H12A",7,2,"zinc finger CCCH-type containing 12A",13.0402710497201,19.0843150570366,0.332383869025815,0.0213234569949975
"336","ZFP36L2",7,6,"ZFP36 ring finger protein like 2",40.0977211111953,91.5753210611412,0.794384355570307,5.78885749649611e-13
"337","ZFYVE16",7,1,"zinc finger FYVE-type containing 16",10.6962398529,15.5705808187096,0.36275737010263,0.0715713287385173
"338","ZNF160",7,1,"zinc finger protein 160",1.87600870558453,3.19207589947216,0.500536575449743,0.00527666804764817
"339","ZNF260",7,1,"zinc finger protein 260",2.41098158696836,4.49548170526557,0.584971007288305,0.000111818389844428
"340","ZNF274",7,6,"zinc finger protein 274",4.65171355039382,7.30038706894284,0.406792390641505,0.0129361701351926
"341","ZNF275",7,2,"zinc finger protein 275",3.5997887329451,7.98586160709691,0.818407338516442,0.00585794063309624
"342","ZNF287",5,2,"zinc finger protein 287",0.874024647895481,1.36909602508824,0.398299385796124,0.068696405099295
"343","ZNF629",7,6,"zinc finger protein 629",4.77775881795448,7.56226763215906,0.41702457198003,0.003196359073944
"344","ZNF738",7,1,"zinc finger protein 738",1.53808319740809,2.83051392271037,0.556333528561184,0.0181258991783325
"345","ZNF836",7,1,"zinc finger protein 836",0.95792612302441,1.57425692840672,0.455762856259169,0.0548313386713527
"346","ZNF846",7,2,"zinc finger protein 846",0.462958389463624,1.50790497727522,1.11600936709689,0.00100322540521636
"347","ZNF91",7,1,"zinc finger protein 91",1.32068189738701,2.53827874002555,0.708756119577792,0.0789243077083294
